chemistry,catalysis
chemistry,carbonhydrates
chemistry,stereochemistry
chemistry,corrosion
chemistry,biochemistry
chemistry,hydrogen
chemistry,enzymology
mathematics,geometry
mathematics,topology
mathematics,probability
mathematics,statistics
mathematics,operators
mathematics,logic
mathematics,algebra
physics,photonics
physics,optics
physics,superfluids
physics,cosmology
physics,acoustics
physics,geophysics
physics,lasers
biology,metabolism
biology,DNA
biology,RNA
biology,genetics
biology,endocrinology
biology,neuroscience
biology,bacteriology
database,data management
database,indexing
database,data modeling
database,big data
database,data processing
database,data storage
database,data querying
